Stephen King,birth,,9/21/1947,"September 21, 1947",
Stephen King,video,,9/24/2014,"September 24, 2014",_lWHQdpUBfc
Stephen King,video,,1989,1989,h9oVp6f5kxg
Stephen King,video,,11/22/2014,"November 22, 2014",gNvw0BcO_FM
Stephen King,video,,9/16/2013,"September 16, 2013",QQ_S89fdg38
Stephen King,video,,1/29/2015,"January 29, 2015",AgxqQV8hX8U
Stephen King,video,,6/7/2013,"June 7, 2013",OhKpZHOZfWY
Stephen King,video,,3/20/2001,"March 20, 2001",SyIPmksuc-g
Stephen King,video,,11/7/2014,"November 7, 2014",EhwLqRQ8unM
Stephen King,video,,10/4/2005,"October 4, 2005",P61KghCuQcU
Stephen King,video,,9/24/2014,"September 24, 2014",X-LBHRSNEZA
Stephen King,video,,1999,1999,CHNUhIc9Fig
Stephen King,video,,November- 1999,November- 1999,CHNUhIc9Fig
Stephen King,video,,11/8/2011,"November 8, 2011",0OS1IElIAN4
Stephen King,video,,11/13/2014,"November 13, 2014",FS7_I-d5PNk
Stephen King,video,,11/20/2013,"November 20, 2013",smVMFNuGw2w
Stephen King,video,,6/2/2014,"June 2, 2014",MTB9D7IpyBQ
Stephen King,video,,11/18/2009,"November 18, 2009",agGuYCmJIIw
Stephen King,video,,1996,1996,dpWQKVt0jmg
Steve Jobs,video,,6/7/2011,"June 7, 2011",Nf6C5Uc3ix4
Steve Jobs,video,,5/16/1997,"May 16, 1997",6iACK-LNnzM
Steve Jobs,video,,8/1/2003,"August 1, 2003",ZUfzXz23ndo
Steve Jobs,video,,8/1/1991,"August 1, 1991",HNfRgSlhIW0
Steve Jobs,video,,12/9/1998,"December 9, 1998",gJKmnKbx-aE
Steve Jobs,video,,5/22/2005,"May 22, 2005",Jh45gdJ6m1c
Steve Jobs,video,,1/8/1998,"January 8, 1998",2cs7uqbFdFI
Steve Jobs,video,,10/16/1996,"October 16, 1996",qzUBmHxpnLA
Steve Jobs,video,,10/30/1996,"October 30, 1996",w0Vvl_ByCXM
Steve Jobs,video,,1/15/2008,"January 15, 2008",1CgAKBf4bbU
Steve Jobs,video,,8/1/1981,"August 1, 1981",UZCu2D_T9OU
Steve Jobs,video,,4/20/1995,"April 20, 1995",M6Oxl5dAnR0
Steve Jobs,video,,10/23/2001,"October 23, 2001",SYMTy6fchiQ
Steve Jobs,video,,6/7/2003,"June 7, 2003",mCBu50CozH0
Steve Jobs,video,,8/1/1980,"August 1, 1980",N3ponn_6Fac
Steve Jobs,video,,1/24/1984,"January 24, 1984",8bepzUM1x3w
Steve Jobs,video,,5/30/2007,"May 30, 2007",xlWk_tlRMaY
Steve Jobs,video,,5/10/1999,"May 10, 1999",IrErYJhvAFo
Steve Jobs,video,,12/1/1985,"December 1, 1985",BNeXlJW70KQ
Steve Jobs,video,,3/6/2008,"March 6, 2008",2dODtKBl8L4
Steve Jobs,video,,6/1/2010,"June 1, 2010",ZLEzEL35Iyc
Steven Spielberg,birth,,12/18/1946,"December 18, 1946",
Steven Spielberg,video,,5/31/2015,"May 31, 2015",PFDl0KcnRFA
Steven Spielberg,video,,6/29/2005,"June 29, 2005",LLxvFakk3tg
Steven Spielberg,video,,7/24/2014,"July 24, 2014",SvKDjIhlWds
Steven Spielberg,video,,3/6/2013,"March 6, 2013",jcqy4CGAj4I
Steven Spielberg,video,,10/11/2012,"October 11, 2012",BERKF9rnBcQ
Steven Spielberg,video,,12/21/2011,"December 21, 2011",Fe7Px-ddVS4
Steven Spielberg,video,,1990,1990,Q71r-DqvEP8
Steven Spielberg,video,,1982,1982,7UEvw-cjb3w
Steven Spielberg,video,,6/7/2015,"June 7, 2015",HMI63plAgdw
Steven Spielberg,video,,11/30/1993,"November 30, 1993",cPoLT0oYv6I
Steven Spielberg,video,,5/6/1974,"May 6, 1974",77DRuGX39Gk
Steven Spielberg,video,,9/26/2012,"September 26, 2012",-lGr840jE_0
Steven Spielberg,video,,5/23/1997,"May 23, 1997",zBSHOdvsXlk
Steven Spielberg,video,,5/6/2011,"May 6, 2011",kdoC-5OI2xY
Steven Spielberg,video,,1978,1978,PDLHow-bXug
Steven Spielberg,video,,7/24/1998,"July 24, 1998",DH_ya6E-N_A
Steven Spielberg,video,,3/21/1999,"March 21, 1999",hgrbuYT9V4s
Steven Spielberg,video,,3/21/1994,"March 21, 1994",7bRNEZVNVSs
Taylor Swift,birth,,12/13/1989,"December 13, 1989",
Taylor Swift,video,,6/5/2015,"June 5, 2015",lxyCtlDXl5M
Taylor Swift,video,,10/28/2014,"October 28, 2014",NxVOAAwNWKE
Taylor Swift,video,,11/11/2014,"November 11, 2014",P-TFhUq3otQ
Taylor Swift,video,,2/24/2015,"February 24, 2015",c3tp37uotco
Taylor Swift,video,,10/25/2012,"October 25, 2012",foqBSBA0SXI
Taylor Swift,video,,10/29/2014,"October 29, 2014",A3VvZ80wy0g
Taylor Swift,video,,10/24/2014,"October 24, 2014",jZrDIxEM4s8
Taylor Swift,video,,6/23/2015,"June 23, 2015",cGXpu0NjZH8
Taylor Swift,video,,10/18/2014,"October 18, 2014",5xvlDW_jd8U
Taylor Swift,video,,10/27/2014,"October 27, 2014",T7EHtxnuVEs
Taylor Swift,video,,4/29/2015,"April 29, 2015",dLAexl8E1Ss
Taylor Swift,video,,10/6/2012,"October 6, 2012",jYWtP7gmSSY
Taylor Swift,video,,1/8/2015,"January 8, 2015",Z4fdBCCWoXU
Taylor Swift,video,,10/11/2014,"October 11, 2014",T46sPqN6Gj8
Tiger Woods,birth,,12/30/1975,"December 30, 1975",
Tiger Woods,video,,7/30/2014,"July 30, 2014",KzSkKZOVesQ
Tiger Woods,video,,3/21/2010,"March 21, 2010",nuf_7mt5ktk
Tiger Woods,video,,November- 1990,November- 1990,zBtMWA0X2Pk
Tiger Woods,video,,7/13/2015,"July 13, 2015",qE9RPATOC30
Tiger Woods,video,,8/13/2014,"August 13, 2014",voCxOZCNRJ0
Tiger Woods,video,,3/21/2010,"March 21, 2010",X7T8I_Sjads
Tiger Woods,video,,4/1/2015,"April 1, 2015",qzN0WtQ6bRA
Tiger Woods,video,,8/3/2014,"August 3, 2014",LMbZdPl3720
Tiger Woods,video,,4/10/2015,"April 10, 2015",NEj6Q5dDYOc
Tiger Woods,video,,11/4/2011,"November 4, 2011",pqmKzNONSIw
Tiger Woods,video,,1997,1997,cFpaqel4muc
Tim Burton,birth,,8/25/1958,"August 25, 1958",
Tim Burton,video,,11/19/2012,"November 19, 2012",_rDi2ndMZu0
Tim Burton,video,,2/26/2010,"February 26, 2010",clu6s7DfJnA
Tim Burton,video,,1990,1990,grYrbm34ia0
Tim Burton,video,,9/20/2012,"September 20, 2012",ki2CtwigsDY
Tim Burton,video,,12/15/2014,"December 15, 2014",ayWM4ZiGs80
Tim Burton,video,,1992,1992,krc8NVKtA0E
Tim Burton,video,,6/23/1989,"June 23, 1989",gZGwSZym3KE
Tim Burton,video,,11/16/2009,"November 16, 2009",mANsedYvsBs
Tim Burton,video,,11/27/2014,"November 27, 2014",_lp2R7hhyHM
Tim Burton,video,,2/20/2010,"February 20, 2010",8uPF7yrKUkI
Tim Burton,video,,11/17/1999,"November 17, 1999",WLxWKVOI6hc
Tim Burton,video,,12/21/2007,"December 21, 2007",YFJbNhkDsgU
Tim Burton,video,,1992,1992,lRA0u-rqdMw
Tim Burton,video,,12/6/1990,"December 6, 1990",Z4ClVG10TYg
Tim Burton,video,,12/21/2007,"December 21, 2007",7mz80HVXQuQ
Tim Burton,video,,1989,1989,lMCOWdxPNUk
Tom Cruise,birth,,7/3/1962,"July 3, 1962",
Tom Cruise,video,,6/23/2005,"June 23, 2005",tFgF1JPNR5E
Tom Cruise,video,,5/27/2014,"May 27, 2014",gLCkh5X173c
Tom Cruise,video,,7/21/2015,"July 21, 2015",fmCgbb9n3qE
Tom Cruise,video,,6/19/2015,"June 19, 2015",e8C7jBBexag
Tom Cruise,video,,12/31/2012,"December 31, 2012",Xb6WpQyPWPE
Tom Cruise,video,,12/23/2010,"December 23, 2010",5IS7DMIkuvo
Tom Cruise,video,,12/4/2011,"December 4, 2011",GZlYmPXe_dw
Tom Cruise,video,,5/28/2014,"May 28, 2014",UDyeJwSTA3s
Tom Cruise,video,,5/30/2014,"May 30, 2014",irbszpgpdYM
Tom Cruise,video,,10/25/2010,"October 25, 2010",qexo0eI3eE4
Tom Cruise,video,,2002,2002,KPYyQUuTTaY
Tom Cruise,video,,1/11/2004,"January 11, 2004",51hKjBnpPQw
Tom Cruise,video,,1988,1988,2ZFp-r0nlJM
Tom Cruise,video,,10/21/1983,"October 21, 1983",O0uy8oiRSI8
Tom Cruise,video,,1/23/2009,"January 23, 2009",maNEgRmS7xQ
Tom Cruise,video,,5/23/2005,"May 23, 2005",yOxHaSeQUi0
Tom Cruise,video,,12/19/2011,"December 19, 2011",zO4kwqP9s14
Tom Cruise,video,,8/5/1983,"August 5, 1983",9PVLyzsgGsE
Tom Cruise,video,,1/20/1990,"January 20, 1990",zHBt5Ibt4OA
Tom Cruise,video,,1/19/1997,"January 19, 1997",3r4baa1OaCA
Tom Hanks,birth,,7/9/1956,"July 9, 1956",
Tom Hanks,video,,10/7/2013,"October 7, 2013",HMW56AS5FNY
Tom Hanks,video,,5/18/2015,"May 18, 2015",hGW03aOxFpY
Tom Hanks,video,,12/11/2013,"December 11, 2013",eCePmHrntdw
Tom Hanks,video,,January- 2009,January- 2009,8_vKqVSgZOI
Tom Hanks,video,,12/15/2013,"December 15, 2013",fSbbZCZhBss
Tom Hanks,video,,6/15/2013,"June 15, 2013",GjFwGge_3Hg
Tom Hanks,video,,5/14/2006,"May 14, 2006",UFrCL6rQ9pE
Tom Hanks,video,,1989,1989,7MYlMpy256E
Tom Hanks,video,,10/12/2012,"October 12, 2012",fbJY5roWJqs
Tom Hanks,video,,10/10/2013,"October 10, 2013",QHVjQEFsyg8
Tom Hanks,video,,10/29/2012,"October 29, 2012",B4hhqB1XR44
Tom Hanks,video,,3/9/1984,"March 9, 1984",fZfTeLlXxeI
Tom Hanks,video,,3/27/1995,"March 27, 1995",Vd420MYpGek
Tom Hanks,video,,3/21/1994,"March 21, 1994",bBuDMEpUc8k
Usain Bolt,birth,,8/21/1986,"August 21, 1986",
Usain Bolt,video,,7/18/2015,"July 18, 2015",4sSrqYktPOQ
Usain Bolt,video,,8/18/2012,"August 18, 2012",2PFRNdz5DcA
Usain Bolt,video,,9/25/2008,"September 25, 2008",hDOJvb_48mo
Usain Bolt,video,,6/18/2015,"June 18, 2015",dkNs_ckymvY
Usain Bolt,video,,2/18/2014,"February 18, 2014",eN23Npu7u5k
Usain Bolt,video,,8/2/2012,"August 2, 2012",1y-6z00EgYE
Usain Bolt,video,,8/23/2014,"August 23, 2014",_DON_2CYp98
Usain Bolt,video,,7/24/2015,"July 24, 2015",79R-Ne314qs
Usain Bolt,video,,11/4/2013,"November 4, 2013",3vF2Y-Yxcqc
Usain Bolt,video,,5/24/2015,"May 24, 2015",SmYoAhXK9mg
Usain Bolt,video,,7/23/2015,"July 23, 2015",HlHFb7VHdY4
Usain Bolt,video,,8/1/2014,"August 1, 2014",zwG-YYhnh8A
Usain Bolt,video,,7/17/2015,"July 17, 2015",S2FbVUibXEw
Valentino Rossi,birth,,2/16/1979,"February 16, 1979",
Valentino Rossi,video,,4/5/2013,"April 5, 2013",DDSYSjpL22E
Valentino Rossi,video,,7/19/2013,"July 19, 2013",nR_ahVM2ftE
Valentino Rossi,video,,6/28/2015,"June 28, 2015",wOx_TwHW5i8
Valentino Rossi,video,,11/5/2014,"November 5, 2014",AN5Yoityj8Y
Valentino Rossi,video,,6/28/2015,"June 28, 2015",cppk3ZjMK8g
Valentino Rossi,video,,9/15/2014,"September 15, 2014",K8XzNrgvmSA
Valentino Rossi,video,,9/12/2013,"September 12, 2013",rxByQucW-J0
Valentino Rossi,video,,January- 2012,January- 2012,FMRHIRxggek
Will Smith,birth,,9/25/1968,"September 25, 1968",
Will Smith,video,,5/21/2013,"May 21, 2013",PLDrzBU3kHI
Will Smith,video,,5/24/2013,"May 24, 2013",hdoapGpiFB4
Will Smith,video,,2/19/2015,"February 19, 2015",mKV4grLfD-s
Will Smith,video,,5/19/2013,"May 19, 2013",8-JV2NMjSAQ
Will Smith,video,,2/24/2015,"February 24, 2015",cjxqJNeS4VA
Will Smith,video,,2/12/2015,"February 12, 2015",ZZGGoU2kQV0
Will Smith,video,,5/14/2012,"May 14, 2012",3d-X_11jqTo
Will Smith,video,,4/15/2013,"April 15, 2013",9Z3gimzXEts
Will Smith,video,,2/18/2014,"February 18, 2014",tX6E9ixwFV0
Will Smith,video,,2/12/2015,"February 12, 2015",dFyHCZVZNbI
Will Smith,video,,2/26/2015,"February 26, 2015",SQxFBaWhgh8
Will Smith,video,,2/6/2015,"February 6, 2015",RB_EXL0Hx18
Will Smith,video,,6/25/1996,"June 25, 1996",hsNXxRyWaWA
Woody Allen,birth,,12/1/1935,"December 1, 1935",
Woody Allen,video,,1999,1999,ybIyE0aDBv0
Woody Allen,video,,1992,1992,KPs5TAO8Hj4
Woody Allen,video,,4/28/1971,"April 28, 1971",8dEjc5B4kOo
Woody Allen,video,,9/5/2013,"September 5, 2013",CTpxVWvDxOg
Woody Allen,video,,5/15/2015,"May 15, 2015",rzT-KH_nsbQ
Woody Allen,video,,1/17/2008,"January 17, 2008",lLAYYrxtJfI
Woody Allen,video,,1979,1979,ggWn_Kb_5Lo
Woody Allen,video,,4/20/1977,"April 20, 1977",bBmtQpDHJeY
Woody Allen,video,,8/18/2011,"August 18, 2011",m6aU0Xryvrg
Woody Allen,video,,10/20/1971,"October 20, 1971",k-eO_AETLKk
Woody Allen,video,,1971,1971,6zIsMvk6EKQ
Woody Allen,video,,5/15/2015,"May 15, 2015",t8GI3WWFIZs
Woody Allen,video,,7/26/2013,"July 26, 2013",lcmDlvwQp5w
Woody Allen,video,,3/24/2002,"March 24, 2002",rpwF6fbLFw4